#time(s),x(m),y(m),z(m),qx,qy,qz,qw,gt_x(m),gt_y(m),gt_z(m)
1326652778.185650,75.402470,106.904987,-2.541741,0.002045,0.014053,-0.006007,0.999881,75.406723,106.899735,-2.535000
1326652780.232759,75.406044,106.898324,-2.510645,-0.002032,0.014389,-0.006932,0.999870,75.397948,106.907652,-2.511000
1326652786.093510,75.385010,106.918555,-2.520333,-0.001832,0.011812,-0.005893,0.999911,75.407834,106.902621,-2.524000
1326652787.203738,75.429235,106.891145,-2.523675,-0.001846,0.013653,-0.003956,0.999897,75.408723,106.902621,-2.521000
1326652790.243213,75.398485,106.903027,-2.521682,-0.002711,0.008918,-0.003544,0.999950,75.396837,106.905508,-2.520000
1326652792.205360,75.393923,106.905721,-2.524930,-0.002677,0.015273,-0.005405,0.999865,75.399836,106.901796,-2.527000
1326652794.203301,75.413482,106.896848,-2.519867,-0.002893,0.001955,-0.007624,0.999965,75.410722,106.899405,-2.520000
1326652796.152794,75.403291,106.902308,-2.525771,-0.002770,0.010620,-0.008954,0.999900,75.402058,106.900807,-2.522000
1326652798.053603,75.415276,106.896782,-2.520204,-0.002488,0.009192,-0.011959,0.999883,75.417609,106.898085,-2.528000
1326652799.185186,75.404677,106.896212,-2.497006,-0.002797,0.007740,-0.014995,0.999854,75.409056,106.894044,-2.493000
1326652800.205650,75.404259,106.898015,-2.489070,-0.002991,0.013499,-0.018111,0.999740,75.395949,106.899817,-2.486000
1326652803.053810,75.403325,106.907851,-2.525824,-0.003453,0.009347,-0.025319,0.999630,75.408389,106.906002,-2.530000
1326652806.093541,75.436972,106.891118,-2.537763,-0.003497,0.012724,-0.034247,0.999326,75.423163,106.898168,-2.534000
1326652809.153801,75.305789,106.947695,-2.533412,-0.003845,0.010454,-0.054858,0.998432,75.399503,106.903858,-2.537000
1326652810.185372,75.488363,106.895709,-2.520018,-0.005822,-0.007201,-0.075024,0.997139,75.402613,106.905508,-2.522000
1326652812.183541,75.873457,106.759352,-2.515919,-0.014013,-0.014664,-0.531196,0.847006,75.505361,106.949299,-2.521000
1326652813.203672,75.223645,107.377438,-2.602366,-0.029030,-0.059946,-0.427801,0.901416,75.708080,106.873427,-2.537000
1326652815.053008,76.343728,106.273175,-2.524842,0.009058,0.026465,-0.397974,0.916970,76.087970,106.612824,-2.548000
1326652818.185460,80.402750,104.400487,-2.402386,-0.007568,-0.014660,-0.556294,0.830822,80.534460,104.102624,-2.456000
1326652819.203957,81.654704,103.103704,-2.439256,0.004435,0.016010,-0.556255,0.830845,81.641917,103.324279,-2.454000
1326652823.054112,85.195255,100.571727,-2.406660,0.021259,-0.056930,-0.567850,0.820886,85.037823,100.644522,-2.420000
1326652824.183739,86.855993,98.994059,-2.493614,0.005315,-0.030751,-0.549980,0.834595,87.077010,98.818240,-2.458000
1326652825.212986,88.258256,97.901296,-2.517486,-0.009001,-0.018621,-0.590437,0.806819,88.175025,97.967569,-2.504000
1326652826.183153,89.270136,97.007168,-2.561177,-0.002816,-0.022987,-0.582860,0.812242,89.234719,97.016698,-2.581000
1326652829.153554,92.296382,94.131685,-2.689354,0.008753,-0.021074,-0.418703,0.907836,92.296832,94.157406,-2.675000
1326652830.183026,93.359794,93.409892,-2.704287,0.005652,-0.018283,-0.465157,0.885021,93.391626,93.382030,-2.715000
1326652831.153052,94.533922,92.631586,-2.713451,0.006461,-0.005099,-0.475043,0.879924,94.530407,92.627188,-2.710000
1326652834.153480,98.007570,90.016642,-2.762815,0.002054,-0.015112,-0.465966,0.884671,97.942752,90.060002,-2.766000
1326652835.193138,98.967809,89.227473,-2.786585,-0.006153,-0.018063,-0.481943,0.875995,99.037657,89.188302,-2.781000
1326652839.055194,101.755394,86.824795,-2.788816,-0.002316,0.022464,-0.550749,0.834365,101.697220,86.829021,-2.793000
1326652840.204571,103.450282,84.651259,-2.821640,0.010185,0.009514,-0.586233,0.810023,103.492034,84.659254,-2.820000
1326652842.213307,104.889936,82.332090,-2.867703,-0.012339,-0.014920,-0.608665,0.793191,104.949056,82.320013,-2.867000
1326652843.213441,105.613069,81.009687,-2.899180,0.023423,0.025954,-0.727968,0.684719,105.577541,81.080664,-2.902000
1326652847.194364,106.114724,75.896889,-3.059006,-0.013687,-0.000608,-0.754741,0.655880,106.125382,75.861431,-3.057000
1326652850.223479,105.198554,71.802889,-3.146452,-0.025669,0.013174,-0.521193,0.852951,105.220644,71.872227,-3.154000
1326652852.212718,104.623057,69.342577,-3.209564,-0.041412,0.028251,-0.345649,0.937024,104.539953,69.212757,-3.206000
1326652855.163545,103.075829,64.914982,-3.074316,0.004456,-0.052362,-0.839712,0.540483,103.334857,65.574377,-3.098000
1326652856.144509,103.776814,65.499495,-3.290519,0.100598,0.072666,0.925697,-0.357330,103.132360,65.255304,-3.170000
1326652859.053584,101.918740,65.213882,-3.024123,-0.006786,-0.018285,-0.855123,0.518058,102.265611,65.430304,-3.163000
1326652860.206912,100.339898,66.982622,-3.130653,-0.004620,-0.038696,-0.696023,0.716961,100.197877,66.729607,-3.149000
1326652862.214139,97.907484,67.727020,-3.088581,0.023494,-0.027663,-0.298965,0.953574,97.833339,67.801295,-3.157000
1326652864.053492,96.508326,68.557449,-3.169501,0.012758,-0.008224,0.261843,0.964991,96.602585,68.478368,-3.123000
1326652866.103509,92.685603,69.197980,-3.039760,0.027286,-0.029844,0.393413,0.918472,92.505105,69.236673,-3.085000
1326652867.195046,91.019523,69.592969,-3.158173,0.048806,-0.010755,0.524883,0.849706,91.138278,69.571499,-3.140000
1326652870.185264,87.195555,71.114349,-3.150200,0.035018,0.002201,0.869535,0.492623,87.168650,71.106912,-3.155000
1326652872.173224,84.611623,72.179643,-3.082663,0.036771,0.000404,0.939936,0.339364,84.611391,72.205567,-3.080000
1326652874.204122,82.230901,73.746464,-3.067466,0.025764,0.018650,0.991945,-0.122613,82.231413,73.720281,-3.066000
1326652875.222947,81.000907,74.419026,-3.067856,0.032162,0.024685,0.959713,-0.278041,80.997660,74.433723,-3.072000
1326652879.192584,76.350269,77.368456,-2.997602,-0.017208,-0.025463,-0.718406,0.694945,76.346784,77.367897,-2.995000
1326652883.055314,72.943816,79.968289,-2.894847,0.039897,-0.029154,-0.051916,0.997428,72.946991,79.967329,-2.898000
1326652886.093908,68.185161,82.871954,-2.771641,0.048799,-0.015711,0.329573,0.942737,68.174929,82.870907,-2.764000
1326652887.194417,66.983619,83.637532,-2.732276,0.036321,-0.013945,0.455521,0.889375,66.992271,83.642572,-2.741000
1326652890.253432,63.532449,86.094990,-2.680147,0.036056,-0.002310,0.744926,0.666168,63.532495,86.093642,-2.675000
1326652893.093353,61.189789,87.710563,-2.616857,0.071934,-0.012755,0.878105,0.472857,61.192062,87.695525,-2.624000
1326652895.195950,57.964710,89.845046,-2.537732,0.012631,0.045390,0.973584,0.223417,57.984324,89.884095,-2.530000
1326652896.173217,56.697613,90.640712,-2.495460,0.034117,0.045025,0.982625,0.176796,56.667150,90.593908,-2.504000
1326652899.183329,53.176904,92.434989,-2.352258,0.022592,0.029910,0.995910,0.082204,53.353665,92.382090,-2.341000
1326652900.213178,53.320859,92.476323,-2.349116,0.073925,0.025601,0.994602,0.068165,52.997991,92.548843,-2.354000
1326652901.183722,52.773953,92.605220,-2.393084,0.033756,0.020576,0.997324,0.061498,53.023206,92.539853,-2.423000
1326652903.193478,52.940783,92.609873,-2.439894,0.182113,0.022892,0.981153,-0.060412,52.826151,92.653414,-2.425000
1326652906.124730,49.291293,94.013649,-2.162724,0.053822,0.034413,0.997906,0.010136,49.402143,94.033537,-2.193000
1326652908.053379,48.381632,94.524075,-2.195540,0.011409,0.018885,0.997796,-0.062582,48.285466,94.525879,-2.204000
1326652910.183870,44.576969,95.946874,-2.084089,0.023981,0.016504,0.965317,-0.259453,44.606532,95.922908,-2.085000
1326652914.183968,39.056810,96.105043,-1.837442,0.010733,0.002839,-0.767909,0.640463,39.065692,96.129329,-1.842000
1326652916.145102,36.423362,95.346401,-1.514182,-0.047073,-0.040015,-0.581699,0.811054,36.419125,95.305626,-1.507000
1326652918.214189,34.275035,93.651563,-1.244189,-0.000825,-0.004209,-0.586298,0.810084,34.262083,93.673971,-1.248000
1326652920.054406,33.114769,92.782570,-1.104817,-0.031112,-0.021183,-0.433732,0.900255,33.130078,92.774479,-1.103000
1326652922.183756,30.121240,89.907625,-0.699958,0.003906,-0.039665,-0.301409,0.952661,30.108508,89.904053,-0.710000
1326652923.212995,29.145215,88.875622,-0.634913,-0.002202,-0.038200,-0.128704,0.990945,29.148009,88.873434,-0.621000
1326652926.184547,27.084360,85.214804,-0.360079,0.000072,-0.035094,-0.137233,0.989917,27.086606,85.222766,-0.373000
1326652928.204150,25.652496,82.815516,-0.172459,0.002621,-0.026528,-0.104304,0.994188,25.640913,82.805509,-0.157000
1326652930.193327,24.130833,80.408332,0.038255,-0.004191,-0.032932,-0.050922,0.998151,24.160231,80.431631,0.023000
1326652932.203988,22.768595,78.101723,0.166232,0.007099,-0.032634,-0.018480,0.999271,22.706763,78.051650,0.179000
1326652934.053177,21.823621,76.740632,0.257982,-0.015426,-0.018555,0.082985,0.996259,21.976086,76.849990,0.244000
1326652935.183561,20.751894,74.589187,0.396353,0.003258,-0.016736,0.069256,0.997453,20.569382,74.446093,0.397000
1326652936.172940,19.769696,73.161611,0.464623,0.013536,-0.016859,-0.040793,0.998934,19.850701,73.232145,0.468000
1326652939.054238,18.183571,70.920326,0.638215,-0.006125,0.000125,0.075074,0.997159,18.194736,70.961931,0.632000
1326652940.203171,16.476372,68.951082,0.823661,0.000252,-0.044559,-0.081750,0.995656,16.463016,68.893766,0.835000
1326652942.204865,14.819219,66.990318,1.002065,0.003192,-0.015514,-0.497856,0.867115,14.812383,67.000519,0.998000
1326652944.053425,13.633226,66.223853,1.051238,-0.000792,0.006667,-0.622623,0.782493,13.662938,66.247739,1.056000
1326652946.134436,9.756670,64.716467,1.300036,0.018685,0.007383,-0.853494,0.520716,9.741074,64.655917,1.295000
1326652947.205646,8.320543,64.487419,1.562330,-0.002906,0.021095,-0.850426,0.525663,8.341479,64.526605,1.564000
1326652950.253139,4.205529,64.080183,1.925066,0.009281,-0.022736,0.917252,-0.397550,4.204010,64.075746,1.926000
1326652953.094054,2.214929,63.739906,1.978997,-0.059317,-0.001959,-0.559872,0.826451,2.203256,63.740096,1.978000
1326652955.203993,0.401922,62.039890,2.022058,-0.040797,-0.045802,-0.373635,0.925546,0.391559,62.019539,2.022000
1326652957.203943,0.108468,59.270951,1.986324,-0.021472,-0.000556,-0.431359,0.901925,0.111973,59.307537,1.988000
1326652959.053540,0.061727,57.896199,2.004066,-0.052941,-0.019956,-0.547141,0.835126,0.079427,57.849315,2.003000
1326652960.203561,0.210359,55.163794,2.031388,-0.025176,0.017495,-0.657698,0.752658,0.199726,55.134591,2.031000
1326652962.205317,0.228802,52.223136,2.108176,-0.039292,0.019827,-0.709983,0.702842,0.253488,52.212539,2.107000
1326652964.053113,0.320000,50.785105,2.088502,-0.043501,-0.020122,-0.808303,0.586813,0.290255,50.790934,2.089000
1326652966.103993,0.718745,46.612568,2.173253,0.025110,-0.010207,0.936190,-0.350448,0.761785,46.634565,2.164000
1326652967.213279,0.864621,45.231521,2.126821,0.048685,-0.021446,0.965442,-0.255132,0.817213,45.189455,2.143000
1326652969.093788,0.894004,43.686368,1.933301,0.048104,0.013722,0.997337,-0.053078,0.905521,43.744594,1.920000
1326652971.183500,0.713125,39.685876,2.087723,0.033875,-0.034678,0.993177,0.106062,0.717798,39.642819,2.096000
1326652974.053834,0.661519,36.785898,2.053097,0.024206,0.002643,0.926729,0.374942,0.638710,36.862367,2.050000
1326652975.193525,0.660311,34.124452,1.993128,0.032623,-0.023045,0.879369,0.474462,0.662036,34.054041,1.987000
1326652978.216328,0.589709,29.894493,1.881105,0.020500,-0.022163,0.774588,0.631746,0.584503,29.912598,1.885000
1326652982.195111,0.680998,24.339821,1.858310,0.016858,-0.028938,0.422753,0.905626,0.686140,24.331572,1.853000
1326652985.054768,0.611372,21.453476,1.910721,-0.031347,-0.036324,0.265644,0.962876,0.614605,21.460569,1.915000
1326652989.183722,0.913387,14.463791,1.998606,-0.022937,-0.038066,-0.296231,0.954082,0.903300,14.445979,1.994000
1326652990.224373,0.686960,13.109091,1.957328,-0.029828,-0.029282,-0.332039,0.942339,0.712355,13.114018,1.958000
1326652993.094961,0.473303,10.353727,1.943206,-0.054340,-0.011746,-0.542435,0.838256,0.467981,10.349483,1.948000
1326652996.154508,0.059451,4.716028,1.988805,-0.025943,0.003136,-0.755757,0.654331,0.050547,4.714192,1.979000
1326652998.203239,0.005400,1.917078,2.106003,0.037038,-0.006452,0.933155,-0.357504,0.014668,1.926730,2.117000
1326653003.054808,-0.283487,-3.800170,2.225624,0.029814,-0.001837,0.904451,0.425529,-1.346827,-3.475256,2.234000
1326653006.122851,-3.462045,-8.342543,2.406658,-0.018805,-0.050353,0.982601,0.177780,-3.472655,-8.335995,2.421000
1326653008.053471,-3.598836,-9.432263,2.503536,0.030866,-0.073388,0.921451,-0.380249,-3.600063,-9.438774,2.495000
1326653011.172944,-3.765647,-10.384621,2.521087,-0.037961,0.039069,-0.774877,0.629760,-3.766681,-10.385604,2.523000
1326653015.193741,-3.827015,-10.423720,2.503438,0.022938,-0.057287,0.947568,-0.313541,-3.823665,-10.413809,2.504000
1326653016.182581,-3.818240,-10.405803,2.520601,0.022753,-0.057653,0.966308,-0.249813,-3.828552,-10.411747,2.519000
1326653018.195538,-3.851654,-10.395799,2.518439,0.011952,-0.062192,0.994194,-0.086989,-3.837216,-10.415623,2.519000
1326653019.213538,-3.844184,-10.458884,2.526775,0.013667,-0.063119,0.987860,-0.141290,-3.848102,-10.416530,2.522000
1326653020.243105,-3.811418,-10.409400,2.502081,0.030380,-0.057294,0.926374,-0.370980,-3.823109,-10.430962,2.509000
1326653026.093435,-3.126250,-10.286663,2.486086,-0.005651,-0.060816,0.914877,0.399085,-3.095764,-10.280456,2.480000
1326653027.212993,-3.045517,-10.342771,2.491825,-0.024043,-0.056676,0.889303,0.453155,-3.099874,-10.280373,2.497000
1326653029.183066,-3.178443,-10.172905,2.495006,-0.025913,-0.051179,0.835649,0.546260,-3.090433,-10.283095,2.497000
1326653030.223743,-2.999973,-10.351989,2.482032,0.028968,-0.105019,0.789583,0.603897,-3.058220,-10.284332,2.479000
1326653035.205251,0.277852,-12.276903,2.490882,-0.017254,-0.016221,0.049435,0.998497,0.290144,-12.283965,2.497000
1326653038.195678,2.707428,-15.643239,2.601239,-0.047739,-0.026042,-0.025201,0.998202,2.702334,-15.629001,2.588000
1326653040.213823,4.157407,-17.927249,2.630200,-0.039331,-0.001651,-0.241154,0.969688,4.161800,-17.941357,2.641000
1326653042.193237,5.257559,-20.338275,2.684584,-0.034263,-0.010685,-0.559104,0.828320,5.256261,-20.331152,2.676000
1326653046.133228,5.952142,-25.735919,2.872942,-0.045428,0.030716,-0.561309,0.825788,5.947505,-25.743199,2.880000
1326653048.054223,6.262421,-27.101211,2.964601,-0.020221,0.019392,-0.757368,0.652387,6.262859,-27.097509,2.957000
1326653051.123588,6.370477,-32.762810,3.103757,-0.011750,0.045773,-0.829328,0.556761,6.359830,-32.758861,3.112000
1326653053.054924,6.242482,-34.121254,3.193074,0.027578,-0.010922,0.889906,-0.455179,6.249862,-34.137912,3.176000
1326653054.213355,6.057927,-36.722696,3.150184,-0.030598,-0.013139,0.978104,-0.205435,6.066804,-36.702789,3.164000
1326653062.215252,-0.791217,-40.686958,3.313424,-0.036310,0.010944,0.143846,0.988873,-1.137443,-40.884724,3.323000
1326653066.133043,-6.750601,-40.825101,3.478745,-0.001758,0.011623,-0.012944,0.999847,-6.753594,-40.827078,3.491000
1326653068.053175,-8.172098,-40.808264,3.581486,-0.032985,0.034074,-0.075502,0.996017,-8.157410,-40.800028,3.566000
1326653070.254032,-12.464642,-40.684837,3.800407,-0.013101,0.009256,-0.158380,0.987248,-12.472271,-40.689766,3.812000
1326653074.195345,-18.140155,-40.464914,4.065311,-0.010121,0.014611,-0.299879,0.953812,-18.121968,-40.468666,4.043000
1326653075.204819,-19.503304,-40.371002,4.072911,-0.032215,0.003269,-0.342734,0.938874,-19.514898,-40.368549,4.096000
1326653078.195392,-23.742312,-40.090989,4.329025,-0.036247,0.064359,-0.168901,0.982861,-23.731788,-40.088483,4.318000
1326653083.055299,-29.100073,-40.226207,4.460874,-0.017445,-0.063422,-0.466077,0.882296,-29.091903,-40.226619,4.468000
1326653088.053108,-34.643506,-40.377997,4.685319,-0.069143,-0.033212,0.851606,0.518540,-34.638518,-40.365167,4.675000
1326653090.193811,-35.543881,-43.696374,4.638872,0.010449,-0.105326,0.811291,0.574982,-35.527705,-43.699813,4.656000
1326653091.174529,-35.703608,-44.967040,4.619585,-0.027552,-0.092232,0.724951,0.682041,-35.710430,-44.936852,4.607000
1326653093.213386,-36.287349,-47.614611,4.536580,-0.073453,-0.068102,0.440928,0.891936,-36.291484,-47.632196,4.541000
1326653095.174839,-37.639535,-50.058677,4.488040,-0.055973,-0.066027,0.449779,0.888936,-37.634984,-50.052422,4.486000
1326653098.213346,-39.984710,-53.510086,4.392580,-0.052358,-0.059240,0.358747,0.930080,-39.986525,-53.510771,4.393000
1326653103.203655,-44.191803,-58.923343,4.194996,-0.020768,-0.085144,0.338825,0.936758,-44.191863,-58.922818,4.195000
1326653106.165754,-46.663528,-62.267034,4.116216,-0.029814,-0.068893,0.289515,0.954225,-46.662036,-62.267029,4.116000
1326653110.193401,-50.145440,-66.621416,4.060175,-0.033757,-0.043651,0.367062,0.928558,-50.155802,-66.626521,4.064000
1326653111.133240,-50.922810,-67.838366,3.988144,-0.043555,-0.057831,0.351872,0.933244,-50.912805,-67.829582,3.983000
1326653115.053923,-53.154771,-71.432070,3.943627,-0.025105,-0.062709,0.527354,0.846957,-53.157711,-71.437778,3.947000
1326653118.053437,-54.891110,-75.160314,3.911258,-0.016022,-0.078297,0.708479,0.701193,-54.887765,-75.148896,3.907000
1326653120.184261,-55.449038,-79.201738,3.802804,-0.004049,-0.044296,0.728102,0.684024,-55.447825,-79.223868,3.809000
1326653121.153398,-55.494158,-80.673411,3.792039,0.002531,-0.063092,0.708082,0.703301,-55.501143,-80.667905,3.784000
1326653123.053164,-55.590384,-82.045201,3.776654,-0.035639,-0.059882,0.695645,0.714998,-55.583675,-82.038792,3.782000
1326653126.144663,-56.213471,-87.634800,3.713282,-0.013396,-0.080403,0.704413,0.705094,-56.219269,-87.642580,3.709000
1326653129.094796,-56.505056,-90.441090,3.693702,-0.037041,-0.064235,0.763425,0.641626,-56.501076,-90.437711,3.697000
1326653134.193953,-56.695672,-98.971774,3.731349,-0.002289,-0.055840,0.733447,0.677445,-56.697130,-98.975096,3.728000
1326653136.183397,-56.676215,-101.772160,3.710043,-0.011984,-0.053625,0.701345,0.710701,-56.674692,-101.769156,3.713000
1326653139.054719,-56.762081,-104.585791,3.737266,-0.015228,-0.060539,0.689644,0.721452,-56.763000,-104.586884,3.736000
1326653146.193937,-56.882856,-115.775002,3.778899,-0.025625,-0.064994,0.680513,0.729398,-56.880744,-115.774254,3.780000
1326653149.183157,-57.146571,-119.971978,3.809039,-0.004059,-0.075929,0.639850,0.764729,-57.155109,-119.976064,3.805000
1326653150.222746,-57.265578,-121.328573,3.776835,-0.000215,-0.081533,0.610561,0.787761,-57.257301,-121.324519,3.781000
1326653155.057704,-57.652473,-126.826647,3.755972,-0.023428,-0.057154,0.699082,0.712369,-57.655186,-126.827447,3.754000
1326653158.203118,-57.612323,-132.443410,3.804374,-0.014558,-0.069075,0.689408,0.720926,-57.608644,-132.440471,3.807000
1326653160.244534,-57.604206,-135.217286,3.728668,0.007964,-0.090485,0.730523,0.676820,-57.608644,-135.221830,3.726000
1326653163.055552,-57.398536,-137.896077,3.701860,-0.015542,-0.044536,0.467777,0.882587,-57.396150,-137.888804,3.703000
1326653165.052907,-57.661674,-140.716627,3.755143,0.025178,-0.101037,0.707256,0.699247,-57.671293,-140.725748,3.756000
1326653166.145063,-58.150764,-143.190097,3.701968,0.048227,-0.108900,0.720179,0.683489,-58.148377,-143.179621,3.700000
1326653169.203339,-57.782097,-147.213093,3.680264,0.020730,-0.087235,0.738319,0.668465,-57.774041,-147.230182,3.684000
1326653170.253851,-57.636480,-148.527026,3.681261,0.007144,-0.074104,0.735695,0.673209,-57.647411,-148.510271,3.676000
1326653174.193483,-57.610634,-154.135377,3.684685,0.027486,-0.058616,0.767745,0.637477,-57.596870,-154.153891,3.691000
1326653175.212903,-57.614445,-155.561418,3.670365,0.020605,-0.052864,0.762525,0.644465,-57.640301,-155.527829,3.659000
1326653176.193519,-57.567160,-156.905227,3.668730,0.011711,-0.046078,0.753354,0.655895,-57.547773,-156.926921,3.676000
1326653178.203934,-57.569196,-159.782949,3.679925,0.018361,-0.045169,0.735941,0.675287,-57.572543,-159.774750,3.675000
1326653180.213373,-57.745191,-162.566203,3.704933,0.004001,-0.040195,0.722733,0.689946,-57.742716,-162.580767,3.710000
1326653181.194709,-57.992979,-163.953881,3.696533,0.007680,-0.046734,0.736933,0.674305,-57.996532,-163.942912,3.693000
1326653186.093510,-58.540323,-170.873725,3.725515,0.018121,-0.095819,0.912464,0.397367,-58.534487,-170.883939,3.727000
1326653187.203954,-58.440326,-172.187131,3.696921,0.044390,-0.096422,0.931425,0.348108,-58.448623,-172.177140,3.695000
1326653189.093218,-58.248582,-173.450501,3.667085,0.001221,-0.068858,0.898461,0.433618,-58.245682,-173.454754,3.668000
1326653195.054377,-57.731380,-181.710213,3.678280,0.035747,-0.056473,0.968030,0.241766,-57.731608,-181.709352,3.678000
1326653198.205076,-56.574392,-187.133467,3.558638,0.046925,-0.049518,0.997248,-0.029034,-56.574943,-187.135419,3.558000
1326653202.214191,-54.186024,-192.197559,3.518230,0.053079,-0.035607,0.997570,0.027746,-54.190190,-192.192352,3.520000
1326653205.103119,-53.225325,-194.549355,3.532051,-0.076459,-0.020780,-0.555990,0.827404,-53.214028,-194.555592,3.529000
1326653207.184521,-50.718424,-195.470263,3.470799,-0.014102,0.003739,0.020947,0.999674,-50.736190,-195.469929,3.473000
1326653209.052972,-49.632502,-195.105670,3.500510,0.007720,-0.085530,0.410064,0.908005,-49.621179,-195.096591,3.493000
1326653210.203233,-47.999504,-193.516909,3.517674,-0.006572,-0.052029,0.383866,0.921898,-48.014645,-193.533798,3.525000
1326653212.214024,-46.460663,-191.312855,3.627271,-0.031271,-0.029980,0.016665,0.998922,-46.447654,-191.281149,3.615000
1326653214.205654,-44.452605,-189.792312,3.534104,-0.025892,0.114141,0.075607,0.990245,-44.496330,-189.810722,3.549000
1326653218.213765,-41.732104,-188.433565,3.433796,-0.063744,0.013881,-0.585450,0.808079,-41.718801,-188.381282,3.430000
1326653220.103476,-41.127771,-188.290988,3.468863,0.132265,0.000132,0.891600,-0.433077,-41.180068,-188.324543,3.464000
1326653222.195953,-40.362881,-189.143790,3.397940,0.089857,-0.073492,0.991875,0.052050,-40.284106,-189.103548,3.425000
1326653223.204833,-40.066615,-189.646117,3.484273,0.159661,-0.111207,0.944546,0.264527,-40.032290,-189.742602,3.415000
1326653225.103030,-39.908800,-190.358736,3.368576,0.183789,-0.203433,0.834249,0.478398,-39.983970,-190.294734,3.434000
1326653230.194103,-43.162483,-196.231056,3.427256,0.140431,-0.213350,0.847341,0.465590,-43.093625,-196.351938,3.368000
1326653231.154703,-43.336671,-197.553378,3.249805,0.120989,-0.180362,0.855384,0.470265,-43.420975,-197.469232,3.294000
1326653233.054300,-43.751743,-198.772852,3.283472,0.129058,-0.145258,0.812750,0.549256,-43.779871,-198.818429,3.290000
1326653234.195063,-44.241440,-201.647025,3.243864,0.090882,-0.180944,0.876631,0.436483,-44.326935,-201.665269,3.244000
1326653235.224378,-44.720883,-202.974132,3.193876,-0.000938,-0.155378,0.772920,0.615185,-44.605743,-202.970923,3.170000
1326653236.203758,-44.715765,-204.287876,3.175139,0.024512,-0.193023,0.679590,0.707318,-44.756699,-204.269566,3.173000
1326653239.053145,-45.300137,-206.160809,3.132200,-0.028659,-0.173412,0.622637,0.762516,-45.303208,-206.134279,3.139000
1326653241.193341,-46.306136,-208.881040,3.167553,-0.013358,-0.155245,0.671220,0.724696,-46.303474,-208.941039,3.156000
1326653243.183354,-46.630635,-210.823122,3.087320,0.074569,-0.174312,0.883571,0.428202,-46.626158,-210.757672,3.106000
1326653245.053595,-46.449611,-211.636658,3.102990,-0.029036,-0.121086,0.851465,0.509414,-46.429548,-211.683390,3.085000
1326653247.215367,-45.514183,-215.586220,3.106583,0.061257,-0.176782,0.817742,0.544329,-45.513702,-215.573219,3.108000
1326653249.213560,-45.168189,-217.556533,3.123146,-0.153206,-0.059471,0.768348,0.618573,-45.209901,-217.498546,3.140000
1326653250.263429,-45.086755,-218.879903,3.368198,-0.165779,-0.018546,0.738955,0.652778,-45.062722,-218.976808,3.399000
1326653253.183370,-44.784391,-222.966245,4.062305,-0.148046,-0.020451,0.706311,0.691946,-44.792578,-222.826804,4.037000
1326653254.215026,-44.873234,-224.038851,4.302434,-0.165144,-0.005304,0.677362,0.716854,-44.885551,-224.189692,4.281000
1326653255.243097,-44.964869,-225.721661,4.525475,-0.143664,-0.004135,0.660022,0.737370,-44.933870,-225.674139,4.547000
1326653258.154715,-45.268378,-229.847443,5.222053,-0.137613,0.013265,0.556581,0.819209,-45.313871,-229.817395,5.181000
1326653259.186781,-45.505445,-231.229982,5.370912,-0.142516,0.008278,0.541620,0.828413,-45.457052,-231.247990,5.421000
1326653260.253582,-45.705323,-232.542371,5.600908,-0.095300,-0.033730,0.548391,0.830089,-45.731972,-232.547706,5.583000
1326653263.164830,-46.344437,-236.182350,6.097553,-0.096651,-0.038473,0.574001,0.812220,-46.326578,-236.185591,6.110000
1326653264.213434,-46.393125,-237.342825,6.283525,-0.114354,0.002380,0.545615,0.830194,-46.407443,-237.330100,6.271000
1326653266.142818,-46.749152,-239.902669,6.726675,-0.104896,-0.020888,0.599236,0.793396,-46.745012,-239.910728,6.733000
1326653269.163620,-46.929814,-243.199415,7.035758,-0.077939,-0.073509,0.633658,0.766159,-46.919740,-243.190367,7.035000
1326653270.193980,-46.814714,-244.377440,7.116387,-0.048008,-0.098275,0.672385,0.732077,-46.858868,-244.375203,7.098000
1326653271.155283,-46.876270,-245.368806,7.053458,-0.047833,-0.107758,0.601586,0.790060,-46.834209,-245.379761,7.074000
1326653274.193278,-46.763423,-248.771236,7.115315,-0.040896,-0.105926,0.734443,0.669104,-46.776670,-248.761167,7.102000
1326653277.153334,-46.079681,-252.651615,7.165456,-0.063259,-0.065889,0.716357,0.691729,-46.086870,-252.664685,7.184000
1326653278.183862,-45.749985,-254.051166,7.225866,-0.037066,-0.098848,0.759837,0.641486,-45.745857,-254.060478,7.209000
1326653279.203598,-45.483330,-255.401315,7.110275,-0.017286,-0.116813,0.774334,0.621661,-45.458718,-255.368193,7.124000
1326653281.093425,-44.433923,-257.905089,7.027839,-0.022415,-0.111055,0.807991,0.578199,-44.518546,-257.933648,7.006000
1326653282.212999,-44.055909,-259.281771,6.992351,-0.051547,-0.109498,0.760565,0.637882,-43.949711,-259.227591,7.015000
1326653284.053344,-43.328178,-260.469314,6.993992,-0.143760,-0.003873,0.736150,0.661363,-43.398759,-260.522936,6.986000
1326653285.195220,-42.537964,-262.628666,7.058475,-0.006352,-0.122998,0.865424,0.485668,-42.481358,-262.628624,7.064000
1326653286.155072,-42.440132,-262.784476,6.995639,0.032900,-0.103731,0.985387,0.131037,-42.493466,-262.753895,7.008000
1326653288.053334,-42.661914,-262.700189,7.017764,-0.052804,0.051327,-0.862857,0.500055,-42.608988,-262.728989,6.996000
1326653290.164723,-42.433709,-262.952196,7.020236,-0.075525,-0.006480,-0.129767,0.988643,-42.484357,-262.923204,7.040000
1326653292.193513,-42.517384,-262.974556,6.976491,-0.013802,-0.068992,0.509401,0.857648,-42.427485,-262.960975,6.964000
1326653293.213267,-42.262911,-262.451831,6.958194,-0.042253,0.002608,0.592837,0.804209,-42.341066,-262.519270,6.961000
1326653295.054897,-42.316110,-261.708585,6.986499,-0.012377,-0.018393,0.639508,0.768465,-42.340288,-261.738780,6.969000
1326653296.103854,-42.521904,-260.337147,6.945888,-0.001054,-0.036676,0.588677,0.807535,-42.421376,-260.228933,6.990000
1326653297.204491,-42.355011,-259.214050,6.985075,-0.005087,0.027157,0.443054,0.896069,-42.395494,-259.323420,6.967000
1326653299.053739,-42.281511,-258.475218,6.994732,0.018820,-0.030739,0.269959,0.962197,-42.255757,-258.429865,7.006000
1326653300.224052,-41.746692,-257.407359,6.975574,0.016758,0.003525,0.430956,0.902210,-41.716024,-257.409885,6.966000
1326653302.204024,-40.696379,-256.261785,6.908307,-0.004304,0.031125,0.275620,0.960753,-40.763967,-256.306529,6.922000
1326653304.053590,-40.271458,-255.877063,6.874058,0.035281,-0.093342,0.086646,0.991229,-40.210238,-255.808167,6.879000
1326653305.193354,-38.844157,-255.191153,6.831000,-0.002648,0.034843,0.132447,0.990574,-38.895064,-255.244242,6.836000
1326653306.163005,-37.540884,-255.119599,6.769355,0.000117,0.086883,0.270521,0.958786,-37.554119,-255.101982,6.759000
1326653308.053242,-36.130267,-254.940841,6.765880,0.028458,0.007415,0.279916,0.959574,-36.085322,-254.914447,6.767000
1326653310.136455,-32.038208,-254.335351,6.619286,0.007214,0.049878,0.454737,0.889199,-32.116249,-254.377902,6.613000
1326653311.103331,-30.757094,-254.203102,6.655454,0.010306,0.033170,0.465437,0.884399,-30.668002,-254.162080,6.643000
1326653313.055303,-29.199626,-253.948434,6.576489,-0.008288,0.007481,0.492388,0.870304,-29.292289,-253.979410,6.579000
1326653314.193688,-26.746952,-253.556852,6.530400,-0.015713,0.041852,0.580513,0.813023,-26.628949,-253.517170,6.515000
1326653315.213677,-25.179763,-253.256332,6.507979,-0.031431,0.044978,0.539375,0.840276,-25.233575,-253.320234,6.516000
1326653316.193198,-23.847015,-253.054972,6.452456,-0.034057,0.023441,0.477474,0.877672,-23.830871,-253.039508,6.449000
1326653319.151300,-19.947063,-252.517247,6.459177,-0.021408,0.009041,0.495810,0.868120,-19.941219,-252.505520,6.459000
1326653320.193716,-18.588504,-252.263527,6.393085,-0.048126,0.023340,0.388141,0.920046,-18.593165,-252.277080,6.393000
1326653322.213641,-15.699960,-252.100500,6.331447,-0.030973,-0.013024,0.421418,0.906244,-15.692339,-252.095647,6.333000
1326653324.193294,-12.940453,-251.865128,6.197485,-0.017959,-0.015400,0.411775,0.910978,-12.949577,-251.867785,6.196000
1326653326.063996,-10.274509,-251.498569,6.005915,-0.029180,-0.007693,0.406272,0.913254,-10.262022,-251.496508,6.006000
1326653327.194729,-8.854599,-251.294874,5.888861,-0.016234,-0.001821,0.360808,0.932497,-8.863316,-251.288850,5.891000
1326653329.133616,-6.008683,-250.881690,5.750414,-0.029229,0.024025,0.310031,0.949973,-6.011920,-250.900008,5.745000
1326653330.163577,-4.568357,-250.761659,5.689371,-0.015914,0.011184,0.282025,0.959210,-4.567227,-250.738120,5.697000
1326653331.150918,-3.196037,-250.592393,5.606304,-0.022326,0.010755,0.298196,0.954183,-3.189959,-250.601634,5.601000
1326653334.064941,-0.398623,-250.354187,5.521543,-0.025261,-0.011839,0.350646,0.936092,-0.408765,-250.319176,5.525000
1326653335.194369,2.272147,-249.794039,5.438467,-0.050860,0.121063,0.283228,0.950020,2.267127,-249.869389,5.431000
1326653336.172121,3.352499,-249.876355,5.385197,-0.001496,-0.010046,0.310749,0.950438,3.448674,-249.783208,5.389000
1326653338.064847,4.757707,-249.674694,5.359553,-0.015670,-0.016727,0.374677,0.926872,4.655102,-249.690843,5.335000
1326653339.194569,7.279242,-249.458912,5.214970,-0.002315,0.039284,0.417699,0.907733,7.322552,-249.472877,5.228000
1326653342.164073,11.477219,-248.817654,5.058251,-0.014698,0.009848,0.426783,0.904181,11.466352,-248.812710,5.047000
1326653344.203406,14.303607,-248.417640,4.937523,-0.004726,0.002563,0.305830,0.952071,14.314416,-248.419496,4.949000
1326653346.053269,17.044916,-248.177298,4.809626,-0.006893,0.010461,0.308002,0.951303,17.037294,-248.178356,4.799000
1326653348.161413,19.887720,-247.950191,4.704678,-0.005428,-0.005522,0.352964,0.935605,19.869807,-247.940845,4.716000
1326653349.193097,21.264298,-247.878945,4.650734,-0.003207,0.007528,0.352530,0.935765,21.228080,-247.823244,4.643000
1326653350.223680,22.509556,-247.745388,4.564269,-0.015310,0.015949,0.406270,0.913486,22.601460,-247.727002,4.573000
1326653352.193592,25.064727,-247.721622,4.411213,-0.027973,0.008284,0.454998,0.890015,25.438750,-247.474481,4.446000
1326653353.213766,26.695668,-247.398576,4.375383,0.017687,0.055089,0.482219,0.874138,26.844120,-247.336345,4.358000
1326653355.053302,28.159253,-247.139647,4.292935,0.013166,0.011917,0.479610,0.877302,28.191064,-247.048939,4.296000
1326653356.163837,30.839909,-246.746003,4.176923,0.015970,0.059179,0.661969,0.747020,30.903278,-246.681291,4.171000
1326653358.164726,33.622449,-246.266011,4.057444,-0.016245,0.007500,0.734430,0.678449,33.589389,-246.272079,4.065000
1326653359.184984,34.952738,-246.025014,3.977343,-0.010134,0.006546,0.754244,0.656483,34.976321,-246.023599,3.967000
1326653362.164608,39.108121,-245.427919,3.788555,0.004203,-0.004767,0.868769,0.495176,39.099571,-245.441943,3.800000
1326653363.184693,40.483801,-245.369136,3.672116,-0.000631,0.001469,0.885249,0.465115,40.488502,-245.331517,3.657000
1326653364.214984,41.809285,-245.171204,3.578378,-0.003945,0.017925,0.916137,0.400446,41.825893,-245.165753,3.592000
1326653366.103412,44.769540,-244.653068,3.463232,0.048300,0.005612,0.960692,0.273325,44.662627,-244.792580,3.457000
1326653367.204750,45.914246,-244.611426,3.393031,-0.001937,-0.008583,0.982881,0.184031,45.997240,-244.693782,3.413000
1326653369.063438,46.766877,-243.924576,3.260420,-0.040191,0.008645,0.993496,-0.106183,47.217998,-244.604962,3.354000
1326653371.122839,51.279445,-244.064686,3.110431,0.032777,-0.011648,0.991751,-0.123371,51.292151,-244.003514,3.115000
1326653374.143899,55.457990,-243.475661,2.916176,-0.007208,-0.006243,0.915175,-0.402943,55.463721,-243.508286,2.904000
1326653375.166194,56.857516,-243.312064,2.813897,0.001363,-0.000312,0.895552,-0.444955,56.832658,-243.285784,2.820000
1326653376.148885,58.173614,-243.149688,2.774030,0.004703,-0.004034,-0.862894,0.505347,58.194264,-243.160678,2.773000
1326653378.164901,60.986297,-242.889151,2.654513,0.017141,0.001222,-0.793500,0.608328,60.972348,-242.881354,2.652000
1326653379.213369,62.383240,-242.802736,2.568650,0.029020,0.020186,-0.739764,0.671938,62.395491,-242.806720,2.570000
1326653383.064913,66.099753,-242.668853,2.339303,0.036632,-0.011455,-0.513335,0.857330,66.077314,-242.672047,2.339000
1326653384.193537,68.287748,-242.575847,2.258279,0.025694,0.009795,-0.600050,0.799489,68.317443,-242.567971,2.258000
1326653386.103645,70.309294,-242.677095,2.179433,0.022760,-0.033881,-0.716125,0.696777,70.304312,-242.633039,2.177000
1326653387.214813,71.195111,-242.812227,2.115965,0.009955,-0.048604,-0.714574,0.697798,71.197387,-242.860242,2.123000
1326653389.155005,72.920640,-243.752029,2.091972,0.050025,-0.013068,-0.725807,0.685952,72.918666,-243.748024,2.085000
1326653390.194927,73.870021,-244.395532,2.088707,0.051316,-0.006105,-0.653752,0.754942,73.872279,-244.347576,2.103000
1326653391.164556,74.751400,-245.033702,2.154130,0.028089,-0.035555,-0.652034,0.756835,74.753135,-245.079985,2.147000
1326653393.193807,76.397236,-246.525509,2.052312,0.021661,-0.041727,-0.734259,0.677240,76.420652,-246.497220,2.059000
1326653394.214526,77.219723,-247.418667,1.996683,0.035411,-0.040934,-0.755456,0.652960,77.167324,-247.479347,1.983000
1326653395.253587,77.768078,-248.686044,1.930075,0.096670,0.003781,-0.669434,0.736545,77.798364,-248.613299,1.943000
1326653398.133496,79.064574,-252.028394,1.996718,0.016129,-0.037713,-0.774012,0.631841,79.077882,-252.081792,1.986000
1326653399.166421,79.070356,-253.341944,1.880415,0.060031,-0.001350,-0.611462,0.788993,79.075772,-253.293843,1.886000
1326653400.196002,79.039327,-254.770054,1.841335,0.088037,0.007172,-0.548617,0.831395,79.039116,-254.764106,1.835000
1326653402.213922,79.243182,-257.598534,1.771651,0.065005,-0.002189,-0.411050,0.909289,79.242057,-257.622738,1.772000
1326653404.163485,79.191381,-260.381175,1.816560,0.046373,0.018331,-0.275082,0.960127,79.197847,-260.352802,1.817000
1326653406.103324,79.142222,-263.179754,1.769279,0.038906,0.008305,-0.024119,0.998917,79.121203,-263.214321,1.762000
1326653408.063416,79.059007,-264.679837,1.747867,-0.017734,0.009137,0.132365,0.991000,79.114316,-264.608052,1.755000
1326653409.193378,79.099068,-267.349297,1.745977,0.025370,0.011254,0.251591,0.967436,79.042892,-267.469158,1.732000
1326653410.223207,79.049109,-268.976484,1.769209,0.007733,-0.009003,0.415511,0.909511,79.005237,-268.902227,1.764000
1326653411.194080,79.069086,-270.315891,1.761775,0.007709,-0.017618,0.432378,0.901487,79.090212,-270.291175,1.773000
1326653413.193606,79.386825,-272.984814,1.742417,-0.015629,-0.007082,0.548643,0.835881,79.367354,-273.085894,1.741000
1326653414.214739,79.418522,-274.647113,1.733128,-0.015806,-0.023940,0.477700,0.878054,79.462326,-274.483913,1.738000
1326653415.253273,79.575792,-275.708095,1.745087,-0.036238,-0.028335,0.524457,0.850194,79.514756,-275.805896,1.742000
1326653418.133839,79.467293,-278.949384,1.712753,-0.020796,-0.011133,0.480634,0.876604,79.541637,-278.823117,1.719000
1326653419.164926,79.689137,-279.994367,1.736828,-0.059541,0.046324,0.409672,0.909108,79.601397,-280.139739,1.707000
1326653420.193538,79.580286,-281.685140,1.714701,-0.026313,0.035779,0.408804,0.911541,79.646940,-281.663771,1.730000
1326653422.164700,79.496153,-284.263637,1.769209,-0.046540,0.018590,0.524380,0.850008,79.518977,-284.230133,1.745000
1326653423.214832,79.528898,-285.580754,1.761045,-0.045888,0.034146,0.578830,0.813440,79.517310,-285.623121,1.787000
1326653426.063328,79.622889,-289.895700,1.741055,-0.020407,0.022029,0.583961,0.811226,79.635498,-289.876640,1.729000
1326653427.193305,79.641727,-291.258323,1.709661,-0.041094,0.021650,0.564433,0.824171,79.629167,-291.274329,1.721000
1326653428.213012,79.577568,-292.714339,1.709619,-0.026226,0.009346,0.579515,0.814486,79.589401,-292.721005,1.705000
1326653430.164559,79.417355,-295.591064,1.685814,-0.026289,-0.007242,0.706003,0.707683,79.412563,-295.557701,1.686000
1326653431.132923,79.456705,-296.916715,1.658999,-0.002029,-0.006585,0.733462,0.679695,79.465103,-296.961411,1.659000
1326653433.064914,79.462143,-298.428606,1.657768,-0.057729,0.068991,0.779665,0.619702,79.475656,-298.366192,1.654000
1326653434.193052,79.492309,-301.042431,1.640750,0.012476,-0.002486,0.810164,0.586066,79.467880,-301.150768,1.648000
1326653435.223583,79.455323,-302.611034,1.638263,0.002901,0.009059,0.776348,0.630233,79.446998,-302.510769,1.638000
1326653436.195016,79.376951,-303.832142,1.643473,0.009899,0.019995,0.721755,0.691789,79.380017,-303.877202,1.639000
1326653438.194156,78.639872,-306.636257,1.605587,0.033410,0.020297,0.682460,0.729877,78.643008,-306.631346,1.611000
1326653439.213255,78.069642,-307.875444,1.558794,0.036515,0.001104,0.734539,0.677582,78.060399,-307.872674,1.553000
1326653440.253883,77.406038,-309.063769,1.579332,0.016930,0.024992,0.777956,0.627593,77.417030,-309.065839,1.581000
1326653442.194406,76.152809,-311.340703,1.538229,0.022006,-0.008951,0.797579,0.602747,76.139622,-311.339270,1.542000
1326653443.213851,75.564405,-312.413279,1.549123,0.040112,0.009481,0.575558,0.816722,75.569454,-312.414257,1.543000
1326653445.064687,74.933421,-313.217538,1.530287,0.027398,0.033040,0.458366,0.887727,74.945523,-313.221219,1.536000
1326653447.164651,71.989627,-314.199560,1.540825,0.042105,-0.013347,0.434596,0.899542,71.949724,-314.184873,1.536000
1326653448.220030,70.733137,-314.330917,1.540126,0.058485,-0.015047,0.352944,0.933694,70.775287,-314.309649,1.552000
1326653450.195388,68.155053,-313.996568,1.489483,0.052028,0.000615,0.671083,0.739554,68.137828,-314.010285,1.480000
1326653452.203027,65.414423,-314.007528,1.498175,0.057771,0.024954,0.839387,0.539879,65.414950,-313.985132,1.506000
1326653454.162742,62.595682,-314.227063,1.521147,0.043774,0.045899,0.897850,0.435709,62.601543,-314.257198,1.509000
1326653455.194445,61.160486,-314.350219,1.510330,0.040838,0.045337,0.940107,0.335375,61.158405,-314.328369,1.518000
1326653458.103405,57.000272,-314.311280,1.515062,0.022351,0.054437,0.979142,0.194469,56.984947,-314.314762,1.509000
1326653459.142708,55.538459,-314.220351,1.469173,0.008843,0.061231,0.998084,0.001375,55.578021,-314.218520,1.479000
1326653460.174755,54.222447,-314.035746,1.457456,0.010616,0.068352,0.981697,-0.177445,54.192311,-314.040386,1.450000
1326653463.103057,50.073426,-314.130027,1.502662,-0.018399,0.039592,0.887000,-0.459702,50.116047,-314.100507,1.510000
1326653464.133411,48.751761,-314.039317,1.494723,0.014874,-0.048561,-0.825081,0.562727,48.667911,-314.100507,1.472000
1326653465.164774,47.180515,-314.184297,1.439106,0.082966,-0.007735,-0.729468,0.678921,47.266317,-314.094569,1.463000
1326653467.133863,45.881832,-314.123711,1.465860,0.006109,0.088877,0.920462,-0.380543,45.858614,-314.160544,1.440000
1326653468.203294,45.756408,-314.229731,1.430809,-0.020547,0.064400,0.988660,-0.134100,45.774860,-314.222644,1.452000
1326653471.064750,45.451387,-314.334111,1.500186,0.015269,0.060698,0.824976,0.561691,45.495386,-314.325895,1.470000
1326653472.193120,45.401395,-314.429057,1.423929,0.039718,0.034145,0.628344,0.776170,45.364424,-314.431208,1.456000
1326653474.147998,45.105223,-314.410939,1.494462,0.057573,-0.009503,0.131583,0.989586,45.106609,-314.412900,1.475000
1326653475.164735,45.049304,-314.331899,1.463023,0.054069,-0.037714,0.112025,0.991516,45.042850,-314.345935,1.476000
1326653476.166874,45.302473,-314.452148,1.458580,0.077421,-0.002566,0.437642,0.895806,45.320769,-314.455125,1.458000
1326653479.165636,47.720703,-314.576087,1.485473,0.081107,0.031691,0.863325,0.497079,47.958672,-314.909943,1.491000
1326653480.233636,48.867149,-314.799192,1.493464,0.025554,0.069320,0.823457,0.562548,48.890069,-314.792424,1.497000
1326653483.163893,52.295424,-314.365778,1.512361,0.034097,0.072093,0.860422,0.503303,52.279088,-314.396654,1.514000
1326653484.213913,53.747558,-314.396612,1.489871,0.071101,0.043946,0.921245,0.379897,53.757993,-314.383459,1.485000
1326653486.148704,56.472202,-314.330541,1.492454,0.063931,0.063319,0.973612,0.209720,56.415556,-314.416199,1.475000
1326653488.174543,59.451964,-314.574581,1.527364,0.049362,0.076269,0.989803,0.109715,59.290391,-314.373315,1.495000
1326653490.138244,62.123158,-314.401521,1.495138,0.036442,0.091183,0.994243,-0.042874,62.110129,-314.388159,1.489000
1326653492.172896,64.966382,-314.372829,1.480947,0.017366,0.097475,0.984045,-0.147828,64.945975,-314.396571,1.481000
1326653494.165776,67.725531,-314.557436,1.563884,-0.023059,0.093288,0.963836,-0.248568,67.731724,-314.516152,1.559000
1326653495.263908,69.909887,-314.589543,1.531773,0.036798,0.088203,0.956727,-0.274845,69.904761,-314.632433,1.540000
1326653498.102881,71.904575,-314.835468,1.582107,0.068652,0.076332,0.911360,0.398601,71.900850,-314.871182,1.568000
1326653499.134593,72.711540,-315.340127,1.570826,0.084568,0.072239,0.797173,0.593418,72.716502,-315.302744,1.576000
1326653502.103415,74.631230,-317.879384,1.582691,-0.020202,0.117073,0.910823,0.395332,74.669825,-317.959904,1.580000
1326653503.134462,75.497870,-318.576135,1.658785,0.106711,0.069416,0.896339,0.424701,75.327302,-318.542549,1.675000
1326653504.162882,75.877807,-318.929174,1.661717,-0.056279,0.097115,0.927279,0.357147,75.947789,-319.026067,1.642000
1326653505.273523,77.041784,-319.733486,1.740921,0.010885,0.100041,0.904763,0.413857,77.023255,-319.750889,1.746000
1326653507.164797,77.368265,-319.999728,1.727931,0.022896,0.102635,0.834861,0.540323,77.352604,-319.932322,1.718000
1326653508.204672,77.747454,-320.117112,1.697712,0.059069,0.075134,0.769559,0.631384,77.715499,-320.166782,1.712000
1326653510.273213,78.644107,-320.994728,1.811619,0.079411,0.053069,0.580048,0.808963,78.665335,-320.976630,1.803000
1326653512.174616,78.824631,-321.160338,1.758410,0.086265,-0.003907,0.156662,0.983870,78.801851,-321.159300,1.765000
1326653514.135312,78.962015,-322.149551,1.813667,0.065420,-0.025409,-0.311472,0.947660,78.979355,-322.167734,1.805000
1326653516.063249,78.232101,-324.364971,1.832462,0.080403,-0.054894,-0.753710,0.649956,78.222685,-324.344676,1.838000
1326653519.063488,75.534674,-326.062080,1.822140,-0.035585,0.081488,0.972196,-0.216628,75.529243,-326.094427,1.813000
1326653520.103143,74.130585,-326.385492,1.838164,-0.043275,0.089257,0.980913,-0.167241,74.155752,-326.355112,1.840000
1326653522.134920,71.375937,-326.679348,1.875550,-0.027798,0.092423,0.988539,-0.116085,71.363005,-326.686391,1.874000
1326653524.063708,68.613008,-326.844790,1.870783,-0.037133,0.084887,0.986983,-0.131457,68.609581,-326.845144,1.870000
1326653525.104721,67.153166,-326.910985,1.891530,-0.024957,0.085671,0.993598,-0.069280,67.176107,-326.911697,1.896000
1326653526.063581,65.796598,-326.941319,1.887794,-0.013740,0.080409,0.993390,-0.080760,65.774846,-326.941056,1.884000
1326653528.174942,63.002369,-326.849954,1.883250,-0.013640,0.075268,0.982276,-0.171121,63.011757,-326.853804,1.886000
1326653530.227746,58.785866,-326.949230,1.866829,-0.039681,0.077085,0.980916,-0.174033,58.782649,-326.943530,1.864000
1326653532.102767,57.390940,-326.975063,1.875767,-0.017619,0.069672,0.938149,-0.338692,57.381166,-326.980147,1.877000
1326653534.064984,54.519030,-327.273286,1.875363,-0.019606,0.070466,0.947574,-0.311054,54.544432,-327.275222,1.878000
1326653535.194031,51.779092,-327.378127,1.831315,-0.092672,0.054735,0.919566,-0.377909,51.762793,-327.362062,1.826000
1326653537.064668,50.507223,-327.440699,1.835122,0.008202,0.081237,0.916895,-0.390687,50.460948,-327.466551,1.840000
1326653538.103403,49.052995,-327.646373,1.820558,-0.010857,0.074610,0.920158,-0.384220,49.144884,-327.609470,1.819000
1326653539.213969,46.315539,-327.641812,1.830592,-0.046376,0.070399,0.904436,-0.418196,46.231284,-327.680558,1.828000
1326653540.253601,44.774805,-327.736736,1.822818,-0.018356,0.073687,0.906103,-0.416185,44.827579,-327.720556,1.820000
1326653542.133898,43.547243,-327.716747,1.815363,-0.016747,0.092525,0.917828,-0.385681,43.528511,-327.743482,1.817000
1326653544.063294,40.781283,-327.811324,1.789635,-0.026121,0.092465,0.931084,-0.351924,40.801856,-327.748843,1.786000
1326653545.103517,39.443482,-327.630729,1.786491,-0.016287,0.098316,0.940949,-0.323549,39.432475,-327.720968,1.783000
1326653546.063466,38.112256,-327.750362,1.779273,-0.017664,0.088698,0.950785,-0.296360,38.113746,-327.697217,1.777000
1326653548.103190,35.303162,-327.622155,1.735603,-0.026060,0.072956,0.925427,-0.370923,35.301671,-327.636272,1.734000
1326653550.063509,32.549873,-327.950449,1.761882,-0.030864,0.072990,0.893969,-0.441067,32.552800,-327.946274,1.763000
1326653553.194524,28.061466,-330.472051,1.690405,0.048016,-0.063743,-0.587173,0.805518,28.031888,-330.463732,1.687000
1326653554.213976,27.492074,-331.449966,1.716876,0.037511,-0.082738,-0.481176,0.871904,27.522813,-331.435632,1.725000
1326653557.164798,26.596428,-335.482113,1.764127,0.047487,-0.062393,-0.278967,0.957094,26.537098,-335.494275,1.752000
1326653558.193268,26.544407,-336.792073,1.761101,0.058615,-0.056904,-0.265384,0.960675,26.625961,-336.784755,1.756000
1326653559.213369,26.759569,-338.224856,1.725477,0.048098,-0.039628,-0.341113,0.937954,26.741150,-338.196464,1.723000
1326653561.194897,26.700032,-341.113806,1.733496,0.055174,-0.060159,-0.546490,0.833478,26.684500,-341.069034,1.737000
1326653562.214462,26.567488,-342.355222,1.693475,0.060893,-0.051402,-0.465569,0.881417,26.558203,-342.428540,1.690000
1326653564.063497,26.542528,-343.872580,1.736821,0.006954,-0.059651,-0.515304,0.854901,26.571755,-343.804128,1.743000
1326653565.193222,26.569361,-346.559645,1.720117,0.050542,-0.049946,-0.679434,0.730288,26.547873,-346.625154,1.708000
1326653567.063487,26.335244,-348.029978,1.682012,-0.017320,-0.067861,-0.670763,0.738358,26.327159,-348.003463,1.686000
1326653568.103381,26.171590,-349.398515,1.647206,-0.006707,-0.063207,-0.715703,0.695507,26.170760,-349.404864,1.643000
1326653570.193242,25.857218,-353.592795,1.677043,0.022072,-0.050501,-0.779459,0.624024,25.866070,-353.615251,1.681000
1326653572.062902,25.764923,-354.979031,1.702423,-0.046148,-0.087142,-0.821883,0.561057,25.758879,-354.921646,1.697000
1326653573.213529,25.560686,-357.385382,1.648301,0.009414,-0.043922,-0.842326,0.537093,25.553716,-357.445207,1.652000
1326653575.162980,25.535776,-360.286379,1.753595,0.021458,0.071398,0.877530,-0.473691,25.542275,-360.262522,1.754000
1326653577.193661,25.597648,-363.017042,1.776855,0.020259,0.061433,0.933689,-0.352194,25.589262,-363.027882,1.771000
1326653578.213788,25.620341,-364.445127,1.743651,0.018528,0.058367,0.962781,-0.263255,25.628917,-364.446189,1.749000
1326653580.163025,25.644561,-367.293847,1.791741,0.028063,0.059355,0.993719,-0.090626,25.630361,-367.263999,1.785000
1326653581.213466,25.648643,-368.623369,1.767793,0.038837,0.049243,0.998023,0.004196,25.669461,-368.668451,1.776000
1326653583.064470,25.712294,-370.131339,1.780376,0.044620,0.080774,0.959526,0.266071,25.679013,-370.080325,1.773000
1326653584.192835,25.534002,-372.853914,1.786691,0.055718,0.039343,0.916874,0.393306,25.552606,-372.908114,1.788000
1326653585.222985,25.414259,-374.287754,1.780599,0.064296,0.033603,0.892281,0.445613,25.423199,-374.281310,1.782000
1326653587.103520,25.376907,-375.692262,1.751905,0.050859,0.038964,0.826764,0.558889,25.355107,-375.651125,1.756000
1326653588.214998,25.353860,-378.415128,1.761880,0.072282,0.023309,0.783912,0.616209,25.382988,-378.452194,1.753000
1326653590.222826,25.432851,-381.307724,1.765373,0.065071,0.020616,0.588556,0.805570,25.409092,-381.301838,1.777000
1326653593.192809,25.359646,-385.496456,1.785418,0.074718,-0.005686,0.428141,0.900600,25.403427,-385.493587,1.764000
1326653594.214672,25.438825,-386.896054,1.744061,0.060641,-0.024752,0.337187,0.939156,25.402094,-386.902162,1.774000
1326653596.193470,25.255447,-389.755816,1.810989,0.052192,-0.046337,0.099748,0.992562,25.272909,-389.729456,1.789000
1326653597.213830,25.213070,-391.107515,1.752256,0.045703,-0.022095,0.001086,0.998710,25.175493,-391.106033,1.778000
1326653599.064932,25.065819,-392.379711,1.787223,0.012117,-0.026019,0.061885,0.997671,25.073300,-392.381421,1.777000
1326653602.213440,26.338442,-397.113449,1.753637,0.006439,-0.047252,-0.167724,0.984680,26.338711,-397.111859,1.759000
1326653607.063949,26.849586,-402.667122,1.743977,-0.067571,-0.047942,-0.751830,0.654131,26.855006,-402.662866,1.738000
1326653609.164648,27.058515,-406.765110,1.744572,0.000424,0.012386,-0.830540,0.556821,27.069388,-406.765960,1.755000
1326653610.193514,27.207063,-407.879771,1.760348,0.043883,0.011891,0.880217,-0.472389,27.203461,-407.877564,1.752000
1326653613.215697,27.555424,-411.467451,1.743086,0.045222,-0.000481,0.958808,-0.280433,27.571243,-411.506047,1.741000
1326653617.163119,29.255066,-416.808838,1.819672,0.076918,0.017163,0.980594,-0.179510,29.262642,-416.801812,1.817000
1326653618.193727,29.810409,-418.105315,1.811755,0.059136,0.022948,0.986893,-0.148386,29.798931,-418.107136,1.815000
1326653621.214516,31.466529,-421.945398,1.866868,0.023149,0.032159,0.994793,0.093898,31.475557,-421.945421,1.866000
1326653623.163927,32.652916,-424.291003,1.851132,0.081873,0.022647,0.996351,0.008260,32.648551,-424.276168,1.852000
1326653625.193135,34.223063,-426.408883,1.833791,0.075750,-0.001436,0.995119,0.063224,34.243644,-426.428204,1.830000
1326653627.063307,35.215468,-427.543800,1.850188,0.032103,0.017635,0.998582,0.038624,35.180040,-427.485460,1.855000
1326653628.193227,37.078044,-429.458888,1.824724,0.073207,-0.002517,0.985389,0.153760,37.176684,-429.503896,1.818000
1326653629.213969,38.164850,-430.594217,1.811344,0.074080,0.000753,0.955312,0.286166,38.089753,-430.540535,1.812000
1326653630.253957,38.882164,-431.685420,1.805784,0.066421,-0.007793,0.929188,0.363507,38.897630,-431.715722,1.807000
1326653633.202674,40.477393,-435.142794,1.760091,0.059499,-0.043679,0.501812,0.861822,40.478505,-435.142980,1.756000
1326653635.174539,40.452682,-437.915031,1.752344,0.015253,-0.022589,0.336486,0.941294,40.447958,-437.914526,1.756000
1326653637.193962,40.180170,-440.705063,1.765356,0.025970,-0.046085,0.237421,0.969965,40.183924,-440.713616,1.762000
1326653638.213395,40.041402,-442.110101,1.772452,0.019259,-0.049787,0.189311,0.980465,40.040965,-442.102976,1.775000
1326653641.163078,39.574844,-446.272458,1.825943,-0.007195,-0.053564,0.058609,0.996817,39.570435,-446.280704,1.825000
1326653642.193284,39.438726,-447.702177,1.846760,-0.006104,-0.050245,0.028416,0.998314,39.448248,-447.688208,1.846000
1326653643.213216,39.336736,-449.097493,1.860337,-0.013736,-0.044317,-0.034885,0.998314,39.331060,-449.106514,1.863000
1326653646.195011,39.014922,-453.162501,1.928509,-0.025011,-0.058987,-0.099388,0.992984,39.015929,-453.160044,1.926000
1326653649.202790,38.985361,-457.407571,2.036893,0.001249,-0.045841,-0.277439,0.959648,38.976829,-457.410676,2.042000
1326653650.222807,38.844494,-458.786770,2.102712,-0.007881,-0.036838,-0.288927,0.956610,38.855642,-458.786346,2.096000
1326653653.163063,38.654048,-463.063296,2.189920,0.021962,-0.006581,-0.372043,0.927932,38.634706,-463.047452,2.197000
1326653654.194999,38.587631,-464.363985,2.232605,-0.017671,-0.065084,-0.418955,0.905499,38.599161,-464.379825,2.221000
1326653655.233449,38.558941,-465.700466,2.241064,-0.032580,-0.063723,-0.439848,0.895216,38.557395,-465.694551,2.248000
1326653659.163040,38.410149,-471.328318,2.314659,-0.031502,-0.062353,-0.588774,0.805273,38.406105,-471.326543,2.310000
1326653661.164454,38.521173,-474.157108,2.284993,-0.032538,-0.042740,-0.682157,0.729230,38.525515,-474.158950,2.292000
1326653662.215391,38.568745,-475.562748,2.278643,-0.041966,-0.041443,-0.733589,0.677029,38.566837,-475.559938,2.274000
1326653666.202957,38.693663,-481.143698,2.167920,-0.057557,-0.046332,-0.793464,0.604115,38.695244,-481.146243,2.171000
1326653667.215099,38.837579,-482.544958,2.142309,0.065185,0.031259,0.880029,-0.469386,38.835759,-482.544262,2.139000
1326653669.213217,38.795059,-485.396642,2.067399,0.047680,0.022585,0.899545,-0.433631,38.799658,-485.393328,2.070000
1326653670.253858,38.938093,-486.758136,2.023342,0.063179,0.030648,0.912446,-0.403126,38.934286,-486.760669,2.021000
1326653673.193648,39.105100,-490.957036,1.941646,0.059334,0.007950,0.982447,-0.176677,39.107791,-490.954727,1.943000
1326653674.212612,39.081194,-492.350029,1.899824,0.066375,0.008033,0.990619,-0.119177,39.078133,-492.350684,1.899000
1326653677.214935,39.031695,-496.588681,1.775029,0.061848,-0.000061,0.998054,-0.007892,39.032368,-496.588780,1.775000
